number;kana;kanji;pos;english;hiragana;katakana;level
1;ああ; ;感;Oh!, Ah!;ああ;;N5
2;あう;会う;動I;meet;あう;;N5
3;あおい;青い;形;blue;あおい;;N5
4;あかい;赤い;形;red;あかい;;N5
5;あかるい;明るい;形;bright;あかるい;;N5
6;あき;秋;名;autumn, fall;あき;;N5
7;あく;開く;動I;open, to be opened;あく;;N5
8;あける;開ける;動II;to open;あける;;N5
9;あげる;上げる;動II;raise, give;あげる;;N5
10;あさ;朝;名;morning;あさ;;N5
11;あさごはん;朝御飯;名;breakfast;あさごはん;;N5
12;あさって;明後日;名;the day after tomorrow;あさって;;N5
13;あし;足;名;foot, leg;あし;;N5
14;あした;明日;名;tomorrow;あした;;N5
15;あそこ;彼処;代;there, over there;あそこ;;N5
16;あそぶ;遊ぶ;動I;to play, to amuse oneself;あそぶ;;N5
17;あたたかい;暖かい;形;warm;あたたかい;;N5
18;あたま;頭;名;head, brains;あたま;;N5
19;あたらしい;新しい;形;new, fresh;あたらしい;;N5
20;あちら;彼方;代;there, that;あちら;;N5
21;あつい;暑い;形;hot (weather, etc), warm;あつい;;N5
22;あつい;熱い;形;hot (things), heated;あつい;;N5
23;あつい;厚い;形;thick;あつい;;N5
24;あと;後;名;back, rear, after, later, the rest;あと;;N5
25;あなた;貴方;代;you, dear (what a wife calls a husband);あなた;;N5
26;あに;兄;名;elder brother;あに;;N5
27;あね;姉;名;elder sister;あね;;N5
28;あの;彼の;連体;that, those;あの;;N5
29;あの; ;感;er, umm, uh;あの;;N5
30;アパート; ;名;apartment, apartment building;;;N5
31;あびる;浴びる;動II;to pour on oneself, to bathe in;あびる;;N5
32;あぶない;危ない;形;dangerous;あぶない;;N5
33;あまい;甘い;形;sweet;あまい;;N5
34;あまり;余り;副;not very (with negative sentence), not much;あまり;;N5
35;あめ;雨;名;rain;あめ;;N5
36;あらう;洗う;動I;to wash;あらう;;N5
37;ある; ;動I;to be (usu. of inanimate objects), to exist, to be located, to have, to possess, to take place;ある;;N5
38;あるく;歩く;動I;to walk;あるく;;N5
39;あれ; ;代;that, that one;あれ;;N5
40;いい;良い;形;good, right, excellent, fine, suitable;いい;;N5
41;いいえ; ;感;no;いいえ;;N5
42;いう;言う;動I;say, state, express, be said, be called, named;いう;;N5
43;いえ;家;名;house, home, household, family;いえ;;N5
44;いく;行く;動I;go, come, proceed;いく;;N5
45;いくつ;幾つ;名;how old, how many;いくつ;;N5
46;いくら;幾ら;名，副;how much, how many, hardly any, not much, however~, no matter how~;いくら;;N5
47;いけ;池;名;pond, pool, basin;いけ;;N5
48;いしゃ;医者;名;doctor, physician, surgeon;いしゃ;;N5
49;いす; ;名;chair, sofa;いす;;N5
50;いそがしい;忙しい;形;be busy, be engaged;いそがしい;;N5
51;いたい;痛い;形;be painful, be sore, hurts;いたい;;N5
52;いち;一;名;one;いち;;N5
53;いちにち;一日;名;one day, all day;いちにち;;N5
54;いちばん;一番;副;most, best, number one, first;いちばん;;N5
55;いつ; ;名;when;いつ;;N5
56;いつか;五日;名;the fifth of the month, five days;いつか;;N5
57;いっしょに;一緒に;副;together;いっしょに;;N5
58;いつつ;五つ;名;five items, five years of age;いつつ;;N5
59;いつも; ;副;always;いつも;;N5
60;いま;今;名;now, at present, just now, soon;いま;;N5
61;いみ;意味;名，～する;meaning, sense, significance;いみ;;N5
62;いもうと;妹;名;younger sister;いもうと;;N5
63;いや;嫌;形動;disagreeable, unpleasant, distasteful, offensive;いや;;N5
64;いりぐち;入口;名;entrance;いりぐち;;N5
65;いる;居る;動II;be, exist, live, reside;いる;;N5
66;いる;要る;動I;need, be necessary;いる;;N5
67;いれる;入れる;動II;put in, add, send, include, prepare;いれる;;N5
68;いろ;色;名;colour;いろ;;N5
69;いろいろ; ;副，形動，～の;various, several;いろいろ;;N5
70;うえ;上;名;up, upward, above, top, higher, superior, older;うえ;;N5
71;うしろ;後;名;the back, the rear, behind, in back of;うしろ;;N5
72;うすい;薄い;形;thin, weak;うすい;;N5
73;うた;歌;名;a song, singing;うた;;N5
74;うたう;歌う;動I;sing;うたう;;N5
75;うち; ;名;a house, a household;うち;;N5
76;うまれる;生まれる;動II;be born, come into existence;うまれる;;N5
77;うみ;海;名;sea, ocean;うみ;;N5
78;うる;売る;動I;to sell;うる;;N5
79;うわぎ;上着;名;coat, suit jacket, upper garment, outerwear;うわぎ;;N5
80;え;絵;名;picture, painting, drawing;え;;N5
81;えいが;映画;名;movie, motion picture;えいが;;N5
82;えいがかん;映画館;名;a movie theatre;えいがかん;;N5
83;えいご;英語;名;English, the English language;えいご;;N5
84;ええ; ;感;yes, yeah;ええ;;N5
85;えき;駅;名;station;えき;;N5
86;エレベーター; ;名;elevator;;;N5
87;～えん;～円;名，尾;~yen;;;N5
88;えんぴつ;鉛筆;名;pencil;えんぴつ;;N5
89;おいしい;美味しい;形;good-tasting, delicious;おいしい;;N5
90;おおきい;大きい;形;big, large, great;おおきい;;N5
91;おおぜい;大勢;名;a great number of people, a crowd;おおぜい;;N5
92;おかあさん;お母さん;名;mother;おかあさん;;N5
93;おかし;お菓子;名;sweets, confectionary, cake, pastry;おかし;;N5
94;おかね;お金;名;money;おかね;;N5
95;おきる;起きる;動I;wake up, get up, be up, be awake, take place, occur,;おきる;;N5
96;おく;置く;動I;put, place, lay, leave;おく;;N5
97;おくさん;奥さん;名;wife, married woman;おくさん;;N5
98;おさけ;お酒;名;liquor, alcoholic beverage, sake, Japanese rice wine;おさけ;;N5
99;おさら;お皿;名;dish, plate, saucer, etc;おさら;;N5
100;おじさん; ;名;uncle, a middle-aged man;おじさん;;N5
101;おじいさん; ;名;grandfather, an old man;おじいさん;;N5
102;おしえる;教える;動II;teach, tell, inform;おしえる;;N5
103;おす;押す;動I;push, stamp, seal;おす;;N5
104;おそい;遅い;形;late, slow;おそい;;N5
105;おちゃ;お茶;名;tea;おちゃ;;N5
106;おてあらい;お手洗い;名;lavatory, rest room, Ladies' Room, Men's Room;おてあらい;;N5
107;おとうさん;お父さん;名;father;おとうさん;;N5
108;おとうと;弟;名;younger brother;おとうと;;N5
109;おとこ;男;名;man, male;おとこ;;N5
110;おとこのこ;男の子;名;boy;おとこのこ;;N5
111;おととい; ;名;the day before yesterday;おととい;;N5
112;おととし; ;名;the year before last;おととし;;N5
113;おとな;大人;名;an adult, a grown up;おとな;;N5
114;おなか; ;名;stomach;おなか;;N5
115;おなじ;同じ;形動;the same, alike;おなじ;;N5
116;おにいさん;お兄さん;名;older brother;おにいさん;;N5
117;おねえさん;お姉さん;名;older sister;おねえさん;;N5
118;おばさん; ;名;aunt, a middle-aged woman, a lady;おばさん;;N5
119;おばあさん; ;名;grandmother, an elderly lady;おばあさん;;N5
120;おべんとう;お弁当;名;box lunch;おべんとう;;N5
121;おぼえる;覚える;動II;memorize, remember, know, learn, master;おぼえる;;N5
122;おもい;重い;形;heavy, severe, grave;おもい;;N5
123;おもしろい; ;形;amusing, funny, pleasant, entertaining, interesting;おもしろい;;N5
124;およぐ;泳ぐ;動I;swim;およぐ;;N5
125;おりる;降りる;動II;get off, disembark;おりる;;N5
126;おわる;終わる;動I;to end, to finish doing something;おわる;;N5
127;おんがく;音楽;名;music;おんがく;;N5
128;おんな;女;名;woman, female;おんな;;N5
129;おんなのこ;女の子;名;girl;おんなのこ;;N5
130;~かい;~回;尾;~th times;;;N5
131;~かい;~階;尾;~th floor;;;N5
132;がいこく;外国;名;foreign country;がいこく;;N5
133;がいこくじん;外国人;名;foreigner;がいこくじん;;N5
134;かいしゃ;会社;名;corporation;かいしゃ;;N5
135;かいだん;階段;名;stairs;かいだん;;N5
136;かいもの;買い物;名;shopping;かいもの;;N5
137;かう;買う;動I;buy, shop, purchase;かう;;N5
138;かえす;返す;動I;return, turn over;かえす;;N5
139;かえる;帰る;動I;go back, return;かえる;;N5
140;かお;顔;名;face;かお;;N5
141;かかる （時間がかかる）;;動I;take / require (time / money / resource);;;N5
142;かぎ;;名;key;かぎ;;N5
143;かく;書く;動I;write;かく;;N5
144;がくせい;学生;名;student;がくせい;;N5
145;~かげつ;~か月;尾;~months;;;N5
146;かける （眼鏡をかける）;;;wear (glasses);;;N5
147;かける （電話をかける）;;;make a phone call;;;N5
148;かさ;傘;名;umbrella;かさ;;N5
149;かす;貸す;動I;rent, lease;かす;;N5
150;かぜ;風;名;wind, breeze;かぜ;;N5
151;かぞく;家族;名;family;かぞく;;N5
152;かた;（この方）;;direction, way, person;かた;;N5
153;かたかな;片仮名;名;Katakana;かたかな;;N5
154;~がつ;~月;尾;~month;;;N5
155;がっこう;学校;名;school;がっこう;;N5
156;かど;角;名;corner;かど;;N5
157;かない;家内;名;wife;かない;;N5
158;かばん;;名;bag;かばん;;N5
159;かびん;花瓶;名;vase;かびん;;N5
160;かぶる;;動I;wear (hat, cap, mask, helmet);かぶる;;N5
161;かみ;紙;名;paper;かみ;;N5
162;カメラ;;名;camera;;カメラ;N5
163;かようび;火曜日;名;Tuesday;かようび;;N5
164;からい;辛い;形;hot, spicy;からい;;N5
165;からだ;体;名;body;からだ;;N5
166;かりる;借りる;;borrow;かりる;;N5
167;~がる;;尾;to feel ~;;;N5
168;かるい;軽い;形;light;かるい;;N5
169;カレンダー;;名;calendar;;;N5
170;かわ;川;名;river;かわ;;N5
171;かわ;河;名;river;かわ;;N5
172;~がわ;~側;尾;~('s) side;;;N5
173;かわいい;;形;cute, adorable;かわいい;;N5
174;かんじ;漢字;名;kanji;かんじ;;N5
175;き;木;名;wood, tree;き;;N5
176;きいろい;黄色い;名;yellow;きいろい;;N5
177;きえる;消える;;to vanish;きえる;;N5
178;きく;聞く;動I;to hear;きく;;N5
179;きた;北;名;north;きた;;N5
180;ギター;;名;guitar;;;N5
181;きたない;汚い;形;dirty;きたない;;N5
182;きっさてん;喫茶店;名;coffee lounge;きっさてん;;N5
183;きって;切手;名;postage stamp;きって;;N5
184;きっぷ;切符;名;ticket;きっぷ;;N5
185;きのう;昨日;名;yesterday;きのう;;N5
186;きゅう;九;名;nine;きゅう;;N5
187;ぎゅうにく;牛肉;名;beef;ぎゅうにく;;N5
188;きょう;今日;名;today;きょう;;N5
189;きょうしつ;教室;名;classroom;きょうしつ;;N5
190;きょうだい;兄弟;名;siblings;きょうだい;;N5
191;きょねん;去年;名;last year;きょねん;;N5
192;きらい;嫌い;;dislike, hate;きらい;;N5
193;きる;切る;;to cut, to chop;きる;;N5
194;きる;着る;;to wear;きる;;N5
195;きれい;;形;pretty, beautiful, clean;きれい;;N5
196;キロ （キログラム）;;名;kilogram;;;N5
197;キロ （キロメートル）;;名;kilometer;;;N5
198;ぎんこう;銀行;名;bank;ぎんこう;;N5
199;きんようび;金曜日;名;Friday;きんようび;;N5
200;く;工;名;~worker, ~smith;く;;N5
201;くすり;薬;名;medicine;くすり;;N5
202;ください;;;please;ください;;N5
203;くだもの;果物;名;fruit;くだもの;;N5
204;くち;口;名;mouth, opening, orifice;くち;;N5
205;くつ;靴;名;shoes;くつ;;N5
206;くつした;靴下;名;socks;くつした;;N5
207;くに;国;名;country;くに;;N5
208;くもる;曇る;動I;to become cloudy / dim;くもる;;N5
209;くらい;暗い;形;dark, gloomy;くらい;;N5
210;~くらい;;尾;approximate (quantity);;;N5
211;~ぐらい;;尾;approximate (quantity);;;N5
212;クラス;;名;class;;クラス;N5
213;グラム;;名;gram;;グラム;N5
214;くる;来る;動I;to come;くる;;N5
215;くるま;車;名;car, vehicle, wheel;くるま;;N5
216;くろい;黒い;名;black, dark;くろい;;N5
217;けさ;今朝;名;this morning;けさ;;N5
218;けす;消す;動I;to erase, to turn off;けす;;N5
219;けっこう;結構;形;splendid, nice, well enough;けっこう;;N5
220;けっこん;結婚;名;marriage;けっこん;;N5
221;げつようび;月曜日;名;Monday;げつようび;;N5
222;げんかん;玄関;名;entranceway, entry hall;げんかん;;N5
223;げんき;元気;名;health, spirit, energy;げんき;;N5
224;~こ;~個;尾;counter for military units;;;N5
225;ご;五;名;five;ご;;N5
226;~ご;~語;尾;language, word;;;N5
227;こうえん;公園;名;(public) park;こうえん;;N5
228;こうばん;交番;名;police box;こうばん;;N5
229;こえ;声;名;voice;こえ;;N5
230;コート;;名;coat, tennis court;;;N5
231;ここ （指示詞）;;代;here, this place;;;N5
232;ごご;午後;名;afternoon, PM;ごご;;N5
233;ここのか;九日;名;nine days, ninth of the month;ここのか;;N5
234;ここのつ;九つ;名;nine;ここのつ;;N5
235;ごしゅじん;御主人;名;husband (hon);ごしゅじん;;N5
236;ごぜん;午前;名;morning, AM;ごぜん;;N5
237;こたえる;答える;;to answer, to reply;こたえる;;N5
238;こちら;;代;this person, this direction, this side, thereafter;こちら;;N5
239;コップ;;名;glass;;コップ;N5
240;ことし;今年;名;this year;ことし;;N5
241;ことば;言葉;名;word, language, speech;ことば;;N5
242;こども;子供;名;child;こども;;N5
243;この;;;this;この;;N5
244;ごはん;御飯;名;(cooked) rice;ごはん;;N5
245;こまる;困る;;to be worried / bothered;こまる;;N5
246;これ;;;this;これ;;N5
247;~ころ;;尾;time, about, toward, approx. (time);;;N5
248;~ごろ;;尾;time, about, toward, approx. (time);;;N5
249;こんげつ;今月;名;this month;こんげつ;;N5
250;こんしゅう;今週;名;this week;こんしゅう;;N5
251;こんな;;;such, like this;こんな;;N5
252;こんばん;今晩;名;tonight, this evening;こんばん;;N5
253;さあ （感動詞）;;;come, come now;;;N5
254;~さい;~歳;尾;~years old;;;N5
255;さかな;魚;名;fish;さかな;;N5
256;さき;先;名;the future, priority, precedence, former, previous, old, late;さき;;N5
257;さく;咲く;動I;to bloom;さく;;N5
258;さくぶん;作文;名;composition, writing;さくぶん;;N5
259;さす （傘をさす）;;動I;to raise (stretch out) hands, to raise umbrella;;;N5
260;~さつ;~冊;尾;counter for books;;;N5
261;ざっし;雑誌;名;journal, magazine;ざっし;;N5
262;さとう;砂糖;名;sugar;さとう;;N5
263;さむい;寒い;形;cold (weather);さむい;;N5
264;さらいねん;再来年;名;year after next;さらいねん;;N5
265;~さん;;尾;Mr., Mrs., Ms.;;;N5
266;さん;三;名;three;さん;;N5
267;さんぽ;散歩;名;walk, stroll;さんぽ;;N5
268;し;四;名;four;し;;N5
269;~じ;~時;尾;time (o'clock);;;N5
270;しお;塩;名;salt;しお;;N5
271;しかし;;接;however, but;しかし;;N5
272;じかん;時間;名;time;じかん;;N5
273;~じかん;~時間;尾;~ hours;;;N5
274;しごと;仕事;名;work, occupation, employment;しごと;;N5
275;じしょ;辞書;名;dictionary, lexicon;じしょ;;N5
276;しずか;静か;形;quiet, peaceful;しずか;;N5
277;した;下;;under, below, beneath;した;;N5
278;しち;七;名;seven;しち;;N5
279;しつもん;質問;名;question, inquiry;しつもん;;N5
280;じてんしゃ;自転車;名;bicycle;じてんしゃ;;N5
281;じどうしゃ;自動車;名;automobile;じどうしゃ;;N5
282;しぬ;死ぬ;動I;to die;しぬ;;N5
283;じびき;字引;名;dictionary;じびき;;N5
284;じぶん;自分;名;myself, oneself;じぶん;;N5
285;しまる;閉まる;動I;to close, to be closed;しまる;;N5
286;しめる;閉める;;to close, to shut;しめる;;N5
287;しめる;締める;;to tie, to fasten;しめる;;N5
288;じゃ （感動詞）;;;well, well then;;;N5
289;じゃあ （感動詞）;;;well, well then;;;N5
290;しゃしん;写真;名;photograph;しゃしん;;N5
291;シャツ;;名;shirt, singlet;;シャツ;N5
292;じゅう;十;名;ten;じゅう;;N5
293;~しゅうかん;~週間;尾;~weeks;;;N5
294;じゅぎょう;授業;名;lesson, class work;じゅぎょう;;N5
295;しゅくだい;宿題;名;homework;しゅくだい;;N5
296;じょうず;上手;形;skill, skillful, dexterity;じょうず;;N5
297;じょうぶ;丈夫;;hero, gentleman, warrior, good health, robustness;じょうぶ;;N5
298;しょうゆ;醤油;名;soy sauce;しょうゆ;;N5
299;しょくどう;食堂;名;cafeteria, dining hall;しょくどう;;N5
300;しる;知る;;to know, to understand, to be acquainted with, to feel;しる;;N5
301;しろい;白い;名;white;しろい;;N5
302;~じん;~人;尾;~person;;;N5
303;しんぶん;新聞;名;newspaper;しんぶん;;N5
304;すいようび;水曜日;名;Wednesday;すいようび;;N5
305;すう;吸う;動I;to smoke, to breathe, to suck in;すう;;N5
306;スカート;;名;skirt;;;N5
307;すき;好き;;liking, fondness, love;すき;;N5
308;~すぎ;;;past, after, too much;;;N5
309;すぐに;;;instantly;すぐに;;N5
310;すこし;少し;名;small quantity, little, few, little while, short distance;すこし;;N5
311;すずしい;涼しい;形;cool, refreshing;すずしい;;N5
312;~ずつ;;尾;apiece, each, at a time;;;N5
313;ストーブ;;名;heater;;;N5
314;スプーン;;名;spoon;;;N5
315;スポーツ;;名;sport(s);;;N5
316;ズボン;;名;trousers;;ズボン;N5
317;すむ;住む;動I;to abide, to reside, to live in, to inhabit, to dwell;すむ;;N5
318;スリッパ;;名;slippers;;スリッパ;N5
319;する;;動I;to do, to try;する;;N5
320;すわる;座る;動I;to sit;すわる;;N5
321;せい;背;名;height, stature;せい;;N5
322;せいと;生徒;名;pupil;せいと;;N5
323;セーター;;名;sweater;;;N5
324;せっけん;;名;soap;せっけん;;N5
325;せびろ;背広;名;business suit;せびろ;;N5
326;せまい;狭い;形;narrow, confined, small;せまい;;N5
327;ゼロ;;名;zero;;ゼロ;N5
328;せん;千;名;thousand, many;せん;;N5
329;せんげつ;先月;名;last month;せんげつ;;N5
330;せんしゅう;先週;名;last week, the week before;せんしゅう;;N5
331;せんせい;先生;名;teacher, master, doctor;せんせい;;N5
332;せんたく;洗濯;名;washing, laundry;せんたく;;N5
333;ぜんぶ;全部;;all, entire, whole, altogether;ぜんぶ;;N5
334;そう （そうです）;;;so, really;;;N5
335;そうじ;掃除;名;cleaning, sweeping;そうじ;;N5
336;そうして;;接;and, like that;そうして;;N5
337;そして;;接;and;そして;;N5
338;そこ （指示詞）;;代;that place, there;;;N5
339;そちら;;;over there, the other;そちら;;N5
340;そと;外;名;outside, exterior;そと;;N5
341;その （連体詞）;;;that, the;;;N5
342;そば （窓のそば）;;;near, close, beside, vicinity, proximity, besides, while;;;N5
343;そら;空;名;the sky;そら;;N5
344;それ （指示詞）;;代;that, it;;;N5
345;それから;;接;and then, after that;それから;;N5
346;それでは;;;in that situation, well then...;それでは;;N5
347;~だい;~台;尾;counter for vehicles;;;N5
348;だいがく;大学;名;university;だいがく;;N5
349;たいしかん;大使館;名;embassy;たいしかん;;N5
350;だいじょうぶ;大丈夫;形;safe, all right, OK;だいじょうぶ;;N5
351;だいすき;大好き;形;very likeable, liking very much;だいすき;;N5
352;たいせつ;大切;形;important;たいせつ;;N5
353;たいてい;;;usually, generally;たいてい;;N5
354;だいどころ;台所;名;kitchen;だいどころ;;N5
355;たいへん;;形;awful, dreadful, terrible, very;たいへん;;N5
356;たかい;高い;形;tall, high, expensive;たかい;;N5
357;たくさん;;;many, a lot, much;たくさん;;N5
358;タクシー;;名;taxi;;;N5
359;だす;出す;動I;to put out, to send;だす;;N5
360;~たち;;;(plural suffix) e.g. watashi = I, watashi-tachi = we;;;N5
361;たつ;立つ;動I;to stand;たつ;;N5
362;たてもの;建物;名;building;たてもの;;N5
363;たのしい;楽しい;形;enjoyable, fun;たのしい;;N5
364;たのむ;頼む;動I;to request, to beg, to ask;たのむ;;N5
365;たばこ;;名;tobacco, cigarettes;たばこ;;N5
366;たぶん;;;perhaps, probably;たぶん;;N5
367;たべもの;食べ物;名;food;たべもの;;N5
368;たべる;食べる;;to eat;たべる;;N5
369;たまご;卵;名;spawn, eggs, roe;たまご;;N5
370;だれ;;;who;だれ;;N5
371;たんじょうび;誕生日;名;birthday;たんじょうび;;N5
372;だんだん;;;gradually, by degrees;だんだん;;N5
373;ちいさい;小さい;形;small, little, tiny;ちいさい;;N5
374;ちかい;近い;形;near, close by, short;ちかい;;N5
375;ちがう;違う;動I;to differ (from);ちがう;;N5
376;ちかく;近く;名;near, neighborhood, vicinity;ちかく;;N5
377;ちかてつ;地下鉄;名;underground train, subway;ちかてつ;;N5
378;ちず;地図;名;map;ちず;;N5
379;ちち;父;名;father (humble);ちち;;N5
380;ちゃいろ;茶色;;light brown, tawny;ちゃいろ;;N5
381;ちゃわん;;名;rice bowl, teacup;ちゃわん;;N5
382;~ちゅう;~中;;middle, during, in the midst of;;;N5
383;ちょうど;;;just, right, exactly;ちょうど;;N5
384;ちょっと;;;just a minute, a short time, a while, just a little, somewhat, easily, readily, rather;ちょっと;;N5
385;ついたち;一日;名;first of the month;ついたち;;N5
386;つかう;使う;動I;to use, to handle, to manipulate, to employ, to need, to want, to spend, to consume;つかう;;N5
387;つかれる;疲れる;;to get tired, to tire;つかれる;;N5
388;つぎ;次;名;next, stage, station, subsequent;つぎ;;N5
389;つく;着く;動I;to arrive at, to reach;つく;;N5
390;つくえ;机;名;desk;つくえ;;N5
391;つくる;作る;動I;to make, to create, to manufacture, to draw up, to write, to compose, to build, to coin, to cultivate, to organize, to establish;つくる;;N5
392;つける;;;to attach, to join, to add, to append, to stick, to glue, to fasten, to furnish, to wear, to appraise, to bring alongside, to follow;つける;;N5
393;つとめる;勤める;;to serve, to fill a post, to work (for), to exert oneself, to endeavor, to be diligent;つとめる;;N5
394;つまらない;;形;insignificant, boring, trifling;つまらない;;N5
395;つめたい;冷たい;形;cold, icy, freezing, coldhearted;つめたい;;N5
396;つよい;強い;形;strong, powerful, mighty, potent;つよい;;N5
397;て;手;名;hand;て;;N5
398;テープ;;名;tape;;;N5
399;テープレコーダー;;名;tape recorder;;;N5
400;テーブル;;名;table;;;N5
401;でかける;出かける;;to depart, to go out, to set out, to start;でかける;;N5
402;てがみ;手紙;名;letter;てがみ;;N5
403;できる （英語ができる）;;;to be able to, to be ready, to occur;;;N5
404;でぐち;出口;名;exit, gateway, outlet, leak, vent;でぐち;;N5
405;テスト;;名;test;;テスト;N5
406;では （感動詞）;;;then, well, so, well then;;;N5
407;デパート;;名;department store;;;N5
408;でも;;接;but, however;でも;;N5
409;でる;出る;;to appear, to come forth, to leave;でる;;N5
410;テレビ;;名;television, TV;;テレビ;N5
411;てんき;天気;名;weather, the elements;てんき;;N5
412;でんき;電気;名;electricity, (electric) light;でんき;;N5
413;でんしゃ;電車;名;electric train;でんしゃ;;N5
414;でんわ;電話;名;telephone;でんわ;;N5
415;と;戸;名;door (Japanese style);と;;N5
416;~ど;~度;尾;counter for occurences;;;N5
417;ドア;;名;door (Western style);;ドア;N5
418;トイレ;;名;toilet, restroom, bathroom, lavatory;;トイレ;N5
419;どう （副詞）;;;how, in what way;;;N5
420;どうして;;;why?, for what reason, how, in what way, for what purpose, what for;どうして;;N5
421;どうぞ;;;please, kindly, by all means;どうぞ;;N5
422;どうぶつ;動物;名;animal;どうぶつ;;N5
423;どうも;;;thanks, how, (very) much, very, quite, really, somehow;どうも;;N5
424;とお;十;名;ten;とお;;N5
425;とおい;遠い;形;far, distant;とおい;;N5
426;とおか;十日;名;ten days, the 10th of the month;とおか;;N5
427;ときどき;時々;;sometimes;ときどき;;N5
428;とけい;時計;名;watch, clock;とけい;;N5
429;どこ;;;where, what place;どこ;;N5
430;ところ;所;名;place;ところ;;N5
431;としょかん;図書館;名;library;としょかん;;N5
432;どちら;;;which (of two), who;どちら;;N5
433;とても;;副;very, awfully, exceedingly;とても;;N5
434;どなた;;;who?;どなた;;N5
435;となり;隣;;next to, next door to;となり;;N5
436;どの （どの人）;;;which, what (way);;;N5
437;とぶ;飛ぶ;;to jump, to fly, to leap, to spring, to bound, to hop;とぶ;;N5
438;とまる;止まる;;to stop, to come to a halt;とまる;;N5
439;ともだち;友達;名;friend;ともだち;;N5
440;どようび;土曜日;名;Saturday;どようび;;N5
441;とり;鳥;名;bird, fowl, poultry;とり;;N5
442;とりにく;鳥肉;名;chicken meat;とりにく;;N5
443;とる;取る;;to take, to pick up, to harvest, to earn, to choose;とる;;N5
444;とる;撮る;;to take (photo), to make (film);とる;;N5
445;どれ;;;well, now, let me see, which (3 or more);どれ;;N5
446;どんな;;;what, what kind of;どんな;;N5
447;ない;;;there isn't, doesn't have;ない;;N5
448;ナイフ;;名;knife;;ナイフ;N5
449;なか;中;;inside, middle, among;なか;;N5
450;ながい;長い;形;long;ながい;;N5
451;なく;鳴く;動I;to bark, to purr, to make animal sound;なく;;N5
452;なつ;夏;名;summer;なつ;;N5
453;なつやすみ;夏休み;名;summer vacation;なつやすみ;;N5
454;~など;;;et cetera;;;N5
455;ななつ;七つ;名;seven;ななつ;;N5
456;なに;何;;what;なに;;N5
457;なん;何;;what;なん;;N5
458;なのか;七日;名;seven days, the seventh day (of the month);なのか;;N5
459;なまえ;名前;名;name;なまえ;;N5
460;ならう;習う;動I;to learn;ならう;;N5
461;ならぶ;並ぶ;動I;to line up, to stand in a line;ならぶ;;N5
462;ならべる;並べる;;to line up, to set up;ならべる;;N5
463;なる;;動I;to become;なる;;N5
464;に;二;名;two;に;;N5
465;にぎやか;;形;bustling, busy;にぎやか;;N5
466;にく;肉;名;meat;にく;;N5
467;にし;西;名;west;にし;;N5
468;~にち;~日;;day of the month;;;N5
469;にちようび;日曜日;名;Sunday;にちようび;;N5
470;にもつ;荷物;名;luggage;にもつ;;N5
471;ニュース;;名;news;;;N5
472;にわ;庭;名;garden;にわ;;N5
473;~にん;~人;;counter for people;;;N5
474;ぬぐ;脱ぐ;動I;to take off clothes;ぬぐ;;N5
475;ネクタイ;;名;necktie;;ネクタイ;N5
476;ねる;寝る;動I;to sleep, to lie down;ねる;;N5
477;~ねん;~年;尾;~year(s);;;N5
478;ノート;;名;notebook, copybook, exercise book;;;N5
479;のぼる;登る;動I;to climb;のぼる;;N5
480;のみもの;飲み物;名;drink, beverage;のみもの;;N5
481;のむ;飲む;動I;to drink;のむ;;N5
482;のる;乗る;動I;to get on, to ride in, to board, to mount, to get up on, to share in, to join, to feel like doing, to be mentioned in, to be in harmony with;のる;;N5
483;は;歯;名;tooth;は;;N5
484;パーティー;;名;party;;;N5
485;はい;;;yes;はい;;N5
486;~はい;~杯;尾;counter for cupfuls;;;N5
487;はいざら;灰皿;名;ashtray;はいざら;;N5
488;はいる;入る;動I;to enter / to break into / to join / to enroll / to contain / to hold / to accommodate / to have (an income of);はいる;;N5
489;はがき;葉書;名;postcard;はがき;;N5
490;はく;;動I;to wear / to put on (a sword);はく;;N5
491;はこ;箱;名;box;はこ;;N5
492;はし;橋;名;bridge;はし;;N5
493;はし;;名;chopsticks;はし;;N5
494;はじまる;始まる;動I;to begin;はじまる;;N5
495;はじめに;初めに;;to begin with / first of all;はじめに;;N5
496;はじめて;初めて;;for the first time;はじめて;;N5
497;はしる;走る;;to run;はしる;;N5
498;バス;;名;bus / bath / bass;;バス;N5
499;バター;;名;butter;;;N5
500;はたち;二十歳;名;20 years old / 20th year;はたち;;N5
501;はたらく;働く;動I;to work / to labor / to do / to act / to commit / to practise / to work on / to come into play / to be conjugated / to reduce the price;はたらく;;N5
502;はち;八;名;eight;はち;;N5
503;はつか;二十日;名;twenty days / twentieth (day of the month);はつか;;N5
504;はな;花;名;flower;はな;;N5
505;はな;鼻;名;nose;はな;;N5
506;はなし;話;名;talk / speech / chat / story / conversation;はなし;;N5
507;はなす;話す;動I;to speak;はなす;;N5
508;はは;母;名;mother;はは;;N5
509;はやい;早い;形;early;はやい;;N5
510;はやい;速い;形;quick / fast / swift;はやい;;N5
511;はる;春;;spring;はる;;N5
512;はる;;動I;to stick / to paste;はる;;N5
513;はれる;晴れる;;to be sunny / to clear away / to stop raining;はれる;;N5
514;はん;半;名;half;はん;;N5
515;ばん;晩;名;evening;ばん;;N5
516;～ばん;～番;尾;number ～;;;N5
517;パン;;名;bread / panning;;パン;N5
518;ハンカチ;;名;handkerchief;;ハンカチ;N5
519;ばんごう;番号;名;number / series of digits;ばんごう;;N5
520;ばんごはん;晩御飯;名;dinner / evening meal;ばんごはん;;N5
521;はんぶん;半分;名;half minute;はんぶん;;N5
522;ひがし;東;名;east;ひがし;;N5
523;~ひき;~匹;尾;small animal counter;;;N5
524;ひく;引く;動I;minus / to pull / to play (stringed instr.);ひく;;N5
525;ひく;弾く;動I;to play (piano, guitar);ひく;;N5
526;ひくい;低い;形;short / low / humble / low (voice);ひくい;;N5
527;ひこうき;飛行機;名;airplane;ひこうき;;N5
528;ひだり;左;名;left hand side;ひだり;;N5
529;ひと;人;名;man / person / human being / mankind / people / character / personality / true man / man of talent / adult / other people / messenger / visitor;ひと;;N5
530;ひとつ;一つ;名;one;ひとつ;;N5
531;ひとつき;一月;名;one month;ひとつき;;N5
532;ひとり;一人;名;one person;ひとり;;N5
533;ひま;暇;名;(1) free time / leisure / leave / spare time (2) farewell;ひま;;N5
534;ひゃく;百;名;100 / hundred;ひゃく;;N5
535;びょういん;病院;名;hospital;びょういん;;N5
536;びょうき;病気;名;illness / disease / sickness;びょうき;;N5
537;ひらがな;平仮名;名;hiragana / 47 syllables / the \"cursive\" syllabary;ひらがな;;N5
538;ひる;昼;名;noon / daytime;ひる;;N5
539;ひるごはん;昼御飯;名;lunch / midday meal;ひるごはん;;N5
540;ひろい;広い;形;spacious / vast / wide;ひろい;;N5
541;フィルム;;名;film (roll of);;フィルム;N5
542;ふうとう;封筒;名;envelope;ふうとう;;N5
543;プール;;名;swimming pool;;;N5
544;フォーク;;名;fork / folk;;;N5
545;ふく;吹く;動I;(1) to blow (e.g. wind) (2) to emit / to spout;ふく;;N5
546;ふく;服;名;clothes;ふく;;N5
547;ふたつ;二つ;名;two;ふたつ;;N5
548;ぶたにく;豚肉;名;pork;ぶたにく;;N5
549;ふたり;二人;名;two persons / two people / pair / couple;ふたり;;N5
550;ふつか;二日;名;second day of the month / two days;ふつか;;N5
551;ふとい;太い;形;fat / thick;ふとい;;N5
552;ふゆ;冬;名;winter;ふゆ;;N5
553;ふる;降る;動I;to precipitate / to fall (e.g. rain);ふる;;N5
554;ふるい;古い;形;old (not of person) / aged / ancient / antiquated / stale / threadbare / outmoded / obsolete article;ふるい;;N5
555;ふろ;風呂;名;bath;ふろ;;N5
556;~ふん;~分;尾;~ minutes;;;N5
557;へた;下手;形;unskillful, poor, awkward;へた;;N5
558;ベッド;;名;bed;;ベッド;N5
559;へや;部屋;名;room;へや;;N5
560;へん;辺;名;area, vicinity;へん;;N5
561;ペン;;名;pen;;ペン;N5
562;べんきょう;勉強;名;study, diligence, discount, reduction;べんきょう;;N5
563;べんり;便利;形;convenient, handy, useful;べんり;;N5
564;ほう （比較を表す）;;動I;divide;;;N5
565;ぼうし;帽子;名;hat;ぼうし;;N5
566;ボールペン;;名;ballpoint pen;;;N5
567;ほか;外;名;other place / the rest;ほか;;N5
568;ポケット;;名;pocket;;ポケット;N5
569;ほしい;欲しい;形;wanted / wished for / in need of / desired;ほしい;;N5
570;ほそい;細い;形;thin / slender / fine;ほそい;;N5
571;ボタン;;名;button;;ボタン;N5
572;ホテル;;名;hotel;;ホテル;N5
573;ほん;本;名;book;ほん;;N5
574;~ほん;~本;尾;counter for long cylindrical things;;;N5
575;ほんだな;本棚;名;bookshelves;ほんだな;;N5
576;ほんとうに;本当に;副;really / truly;ほんとうに;;N5
577;~まい;~枚;尾;counter for flat things;;;N5
578;まいあさ;毎朝;形;every morning;まいあさ;;N5
579;まいげつ;毎月;形;every month / each month / monthly;まいげつ;;N5
580;まいつき;毎月;形;every month / each month / monthly;まいつき;;N5
581;まいしゅう;毎週;形;every week;まいしゅう;;N5
582;まいにち;毎日;形;every day;まいにち;;N5
583;まいねん;毎年;形;every year / yearly / annually;まいねん;;N5
584;まいとし;毎年;形;every year / yearly / annually;まいとし;;N5
585;まいばん;毎晩;形;every night;まいばん;;N5
586;まえ;前;;(1) before / in front / fore part / ago / previously (2) head (of a line) (3) in the presence of / lady (so-and-so) (4) (five minutes) to (5) helping / portion;まえ;;N5
587;~まえ;~前;尾;before / in front;;;N5
588;まがる;曲る;動I;to turn / to bend;まがる;;N5
589;まずい;;形;unappetising / unpleasant (taste, appearance, situation) / ugly / unskilful / awkward / bungling / unwise / untimely;まずい;;N5
590;また;;接;again / and;また;;N5
591;まだ;;;yet / still / more / besides;まだ;;N5
592;まち;町;名;(1) town (2) street / road;まち;;N5
593;まつ;待つ;動I;to wait;まつ;;N5
594;まっすぐ;;形;straight (ahead) / direct / upright / erect / honest / frank;まっすぐ;;N5
595;マッチ;;名;match;;マッチ;N5
596;まど;窓;名;window;まど;;N5
597;まるい;丸い;形;round / circular / spherical;まるい;;N5
598;まるい;円い;形;round / circular / spherical;まるい;;N5
599;まん;万;名;10,000 / ten thousand / myriads / all / everything;まん;;N5
600;まんねんひつ;万年筆;名;fountain pen;まんねんひつ;;N5
601;みがく;磨く;動I;to polish / to shine / to brush / to refine / to improve;みがく;;N5
602;みぎ;右;名;right hand side;みぎ;;N5
603;みじかい;短い;形;short;みじかい;;N5
604;みず;水;名;water;みず;;N5
605;みせ;店;名;store / shop / establishment;みせ;;N5
606;みせる;見せる;動I;to show / to display;みせる;;N5
607;みち;道;名;road / street / way / method;みち;;N5
608;みっか;三日;名;three days / the third day (of the month);みっか;;N5
609;みっつ;三つ;名;three;みっつ;;N5
610;みなさん;皆さん;名;everyone;みなさん;;N5
611;みなみ;南;名;south / proceeding south;みなみ;;N5
612;みみ;耳;名;ear;みみ;;N5
613;みる;見る;動I;to see / to watch;みる;;N5
614;みんな;;;all / everyone / everybody;みんな;;N5
615;むいか;六日;名;six days / the sixth day (of the month);むいか;;N5
616;むこう;向こう;名;beyond / over there / opposite direction / the other party;むこう;;N5
617;むずかしい;難しい;形;difficult;むずかしい;;N5
618;むっつ;六つ;名;six;むっつ;;N5
619;め;目;名;eye;め;;N5
620;メートル;;名;meter;;;N5
621;めがね;眼鏡;名;glasses;めがね;;N5
622;もう （もう、帰りました）;;;already / soon / more / again;;;N5
623;もう （もう一度）;;;already / soon / more / again;;;N5
624;もくようび;木曜日;名;thursday;もくようび;;N5
625;もしもし;;感;hello (on phone);もしもし;;N5
626;もちろん;;;of course / certainly / naturally;もちろん;;N5
627;もつ;持つ;動I;(1) to hold / to carry (2) to possess;もつ;;N5
628;もっと;;;more / longer / farther;もっと;;N5
629;もの;物;名;thing / object;もの;;N5
630;もん;門;名;gate;もん;;N5
631;もんだい;問題;名;problem / question;もんだい;;N5
632;~や;~屋;尾;~store;;;N5
633;やおや;八百屋;名;greengrocer;やおや;;N5
634;やさい;野菜;名;vegetable;やさい;;N5
635;やさしい;易しい;形;easy / plain / simple;やさしい;;N5
636;やすい;安い;形;cheap / inexpensive / peaceful / quiet / gossipy / thoughtless;やすい;;N5
637;やすみ;休み;名;(1) rest / recess / respite / (2) vacation / holiday / absence / suspension / (3) moulting;やすみ;;N5
638;やすむ;休む;;to rest / to have a break / to take a day off / to be finished / to be absent / to retire / to sleep;やすむ;;N5
639;やっつ;八つ;名;eight;やっつ;;N5
640;やま;山;名;(1) mountain / (2) pile / heap / (3) climax / critical point;やま;;N5
641;やる （仕事をやる）;;動I;to do / to have sexual intercourse / to kill / to give (to inferiors, animals, etc.) / to dispatch (a letter) / to send / to study / to perform / to play (sports, game) / to have (eat, drink, smoke) / to row (a boat) / to run or operate (a restaurant);;;N5
642;ゆうがた;夕方;;evening;ゆうがた;;N5
643;ゆうびんきょく;郵便局;名;post office;ゆうびんきょく;;N5
644;ゆうべ （’昨晩’の意）;;;evening;;;N5
645;ゆうめい;有名;名;fame;ゆうめい;;N5
646;ゆき;雪;名;snow;ゆき;;N5
647;ゆっくり;;;slowly, at ease;ゆっくり;;N5
648;ようか;八日;名;eight days / the eighth (day of the month);ようか;;N5
649;ようふく;洋服;名;Western-style clothes;ようふく;;N5
650;よく （よく行く）;;;frequently, often;;;N5
651;よく （よくできる）;;;nice / properly / well / skilled in;;;N5
652;よこ;横;;beside / side / width;よこ;;N5
653;よっか;四日;名;four days / the fourth (day of the month);よっか;;N5
654;よっつ;四つ;名;four;よっつ;;N5
655;よぶ;呼ぶ;動I;to call out / to invite;よぶ;;N5
656;よむ;読む;動I;to read;よむ;;N5
657;よる;夜;名;evening / night;よる;;N5
658;らいげつ;来月;名;next month;らいげつ;;N5
659;らいしゅう;来週;名;next week;らいしゅう;;N5
660;らいねん;来年;名;next year;らいねん;;N5
661;ラジオ;;名;radio;;ラジオ;N5
662;りっぱ;;形;splendid / fine / handsome / elegant / imposing / prominent / legal / legitimate;りっぱ;;N5
663;りゅうがくせい;留学生;名;overseas student;りゅうがくせい;;N5
664;りょうしん;両親;名;parents / both parents;りょうしん;;N5
665;りょうり;料理;名;cooking / cookery / cuisine;りょうり;;N5
666;りょこう;旅行;名;travel / trip;りょこう;;N5
667;れい;零;名;zero / nought;れい;;N5
668;れいぞうこ;冷蔵庫;名;refrigerator;れいぞうこ;;N5
669;レコード;;名;record;;;N5
670;レストラン;;名;restaurant;;レストラン;N5
671;れんしゅう;練習;名;practice;れんしゅう;;N5
672;ろく;六;名;six;ろく;;N5
673;ワイシャツ;;名;\"Y shirt\", business shirt;;ワイシャツ;N5
674;わかい;若い;形;young;わかい;;N5
675;わかる;分る;動I;to be understood;わかる;;N5
676;わすれる;忘れる;動I;to forget;わすれる;;N5
677;わたくし;私;代;I;わたくし;;N5
678;わたし;私;代;I;わたし;;N5
679;わたす;渡す;動I;to pass over, to hand over;わたす;;N5
680;わたる;渡る;動I;to cross over / to go across;わたる;;N5
681;わるい;悪い;形;bad / inferior;わるい;;N5
